1,Grzegorz,Przybylski,2014-01-07,man,Gdynia 3 Maja 66 b/6,hprzybylski@gmail.com,1
2,Dominik,Wasilewski,2014-02-15,man,Gdynia 3 Maja 59 c/7,ewasilewski@gmail.com,1
3,Daria,Grabowska,2014-03-25,woman,Gdynia Chopina 66 87 c/2,pgrabowska@gmail.com,1
4,Adam,Kowalski,2014-04-06,man,Gdynia Kosciuszki 8 a/10,akowalski@gmail.com,1
5,Sebastian,Szymanski,2014-05-10,man,Gdynia Chwarznienska 65 c/6,rszymanski@gmail.com,1
6,Kamila,Mazurek,2014-06-28,woman,Gdynia Wzgorze Sw. Maksymiliana 94 a/10,imazurek@gmail.com,1
7,Piotr,Sadowski,2014-07-15,man,Gdynia Hutnicza 16 b/10,ssadowski@gmail.com,1
8,Kinga,Zielinska,2014-08-24,woman,Gdynia Chopina 66 69 b/7,wzielinska@gmail.com,1
9,Sara,Lis,2014-09-11,woman,Gdynia Slowackiego 66 a/7,wlis@gmail.com,1
10,Wiktor,Sadowski,2014-10-18,man,Gdynia Morska 98 c/2,nsadowski@gmail.com,1
11,Weronika,Nowakowska,2014-11-01,woman,Gdynia Sobotki 84 c/8,knowakowska@gmail.com,1
12,Adam,Dudi,2014-12-22,man,Gdynia Jana z Kolna 16 c/9,fdudi@gmail.com,1
13,Krzysztof,Mazurek,2014-01-18,man,Gdynia Hutnicza 36 b/8,pmazurek@gmail.com,1
14,Oliwia,Sobczak,2014-02-03,woman,Gdynia Komuny Paryskiej 89 c/1,fsobczak@gmail.com,1
15,Antoni,Wrobel,2014-03-26,man,Gdynia Chwarznienska 42 b/10,fwrobel@gmail.com,1
16,Ignacy,Michalak,2014-04-11,man,Gdynia Hutnicza 5 c/3,nmichalak@gmail.com,1
17,Oliwia,Witkowska,2014-05-29,woman,Gdynia Sobotki 83 a/3,nwitkowska@gmail.com,1
18,Zuzanna,Wieczorek,2014-06-15,woman,Gdynia Komuny Paryskiej 73 c/3,awieczorek@gmail.com,1
19,Blazej,Pawlak,2014-07-20,man,Gdynia Paderewskiego 98 c/3,wpawlak@gmail.com,1
20,Dariusz,Pawlak,2014-08-12,man,Gdynia Wzgorze Nawiedzenia 42 a/6,ppawlak@gmail.com,1
21,Dariusz,Ostrowski,2014-09-23,man,Gdynia Wiczlina 26 b/10,dostrowski@gmail.com,1
22,Maciej,Szewczyk,2014-10-05,man,Gdynia Morska 68 a/6,bszewczyk@gmail.com,1
23,Oliwier,Sobczak,2014-11-11,man,Gdynia Paderewskiego 36 a/2,hsobczak@gmail.com,1
24,Norbert,Sobczak,2014-12-27,man,Gdynia Legionow 19 a/8,lsobczak@gmail.com,1
25,Hubert,Maj,2014-01-28,man,Gdynia Kielecka 66 a/3,omaj@gmail.com,1
26,Grzegorz,Kaczmarek,2014-02-08,man,Gdynia Sobotki 50 c/8,zkaczmarek@gmail.com,1
27,Stanislaw,Kubiak,2014-03-27,man,Gdynia Wiejska 96 c/2,tkubiak@gmail.com,1
28,Monika,Kaminska,2014-04-20,woman,Gdynia Legionow 29 b/8,gkaminska@gmail.com,1
29,Jakub,Wlodarczyk,2014-05-05,man,Gdynia Slowackiego 64 b/8,nwlodarczyk@gmail.com,1
30,Wiktor,Urbaniak,2014-06-20,man,Gdynia Polska 55 c/7,curbaniak@gmail.com,1
31,Sebastian,Sawicki,2014-07-02,man,Gdynia Komuny Paryskiej 93 a/2,dsawicki@gmail.com,2
32,Laura,Jaworska,2014-08-19,woman,Gdynia Wzgorze Nawiedzenia 72 b/10,ljaworska@gmail.com,2
33,Barbara,Kaczmarczyk,2014-09-26,woman,Gdynia Derdowskiego 50 a/9,okaczmarczyk@gmail.com,2
34,Kamil,Wieczorek,2014-10-13,man,Gdynia Starowiejska 15 b/6,mwieczorek@gmail.com,2
35,Hanna,Kaczmarek,2014-11-22,woman,Gdynia Kaszubska 49 63 a/10,okaczmarek@gmail.com,2
36,Wiktor,Czarnecki,2014-12-06,man,Gdynia Kielecka 57 a/1,zczarnecki@gmail.com,2
37,Oliwia,Kaminska,2014-01-14,woman,Gdynia Chopina 66 46 c/5,akaminska@gmail.com,2
38,Antoni,Zalewski,2014-02-21,man,Gdynia Wzgorze Sw. Maksymiliana 63 c/8,fzalewski@gmail.com,2
39,Barbara,Sobolewski,2014-03-09,woman,Gdynia Swietojanska 24 c/3,asobolewski@gmail.com,2
40,Maciej,Piotrowski,2014-04-02,man,Gdynia Chwarznienska 68 b/4,jpiotrowski@gmail.com,2
41,Julia,Sikora,2014-05-28,woman,Gdynia Paderewskiego 49 a/5,rsikora@gmail.com,2
42,Jan,Krawczyk,2014-06-08,man,Gdynia Komuny Paryskiej 59 b/8,jkrawczyk@gmail.com,2
43,Maja,Czarnecka,2014-07-17,woman,Gdynia Armii Krajowej 32 c/5,jczarnecka@gmail.com,2
44,Michal,Kubiak,2014-08-21,man,Gdynia Komuny Paryskiej 59 b/5,bkubiak@gmail.com,2
45,Julia,Sikora,2014-09-02,woman,Gdynia Slowackiego 63 c/2,hsikora@gmail.com,2
46,Gabriela,Michalska,2014-10-27,woman,Gdynia Hutnicza 63 b/7,cmichalska@gmail.com,2
47,Lukasz,Sobolewski,2014-11-05,man,Gdynia Swietojanska 89 b/9,isobolewski@gmail.com,2
48,Wojciech,Dudi,2014-12-18,man,Gdynia Wiejska 85 b/3,cdudi@gmail.com,2
49,Oliwier,Gorski,2014-01-23,man,Gdynia Hutnicza 31 c/2,hgorski@gmail.com,2
50,Wiktor,Pawlowicz,2014-02-18,man,Gdynia Morska 73 a/10,wpawlowicz@gmail.com,2
51,Oliwia,Wozniak,2014-03-02,woman,Gdynia Legionow 13 c/8,kwozniak@gmail.com,2
52,Monika,Mazur,2014-04-24,woman,Gdynia Chwarznienska 69 b/8,dmazur@gmail.com,2
53,Lena,Jankowska,2014-05-15,woman,Gdynia Slowackiego 74 c/6,hjankowska@gmail.com,2
54,Szymon,Kowalik,2014-06-25,man,Gdynia Slowackiego 51 b/1,rkowalik@gmail.com,2
55,Adam,Marciniak,2014-07-05,man,Gdynia Wiejska 14 a/1,zmarciniak@gmail.com,2
56,Piotr,Malinowski,2014-08-03,man,Gdynia Swietojanska 2 b/3,jmalinowski@gmail.com,2
57,Klaudia,Wasilewska,2014-09-07,woman,Gdynia Armii Krajowej 17 c/3,twasilewska@gmail.com,2
58,Marcel,Sawicki,2014-10-29,man,Gdynia Jana z Kolna 61 b/10,esawicki@gmail.com,2
59,Adam,Szewczyk,2014-11-14,man,Gdynia Komuny Paryskiej 9 b/10,uszewczyk@gmail.com,2
60,Rafal,Grabowski,2014-12-12,man,Gdynia Powstania Styczniowego 10 b/2,kgrabowski@gmail.com,2
61,Blazej,Kowalik,2014-01-26,man,Gdynia Chopina 66 93 a/4,ckowalik@gmail.com,3
62,Antoni,Wieczorek,2014-02-22,man,Gdynia Kaszubska 49 2 b/2,kwieczorek@gmail.com,3
63,Barbara,Dabrowska,2014-03-05,woman,Gdynia Armii Krajowej 49 a/10,gdabrowska@gmail.com,3
64,Bartosz,Piotrowski,2014-04-15,man,Gdynia Starowiejska 74 b/1,mpiotrowski@gmail.com,3
65,Bartosz,Witczak,2014-05-19,man,Gdynia Jana z Kolna 14 c/10,zwitczak@gmail.com,3
66,Adam,Laskowski,2014-06-22,man,Gdynia Pucka 45 a/4,llaskowski@gmail.com,3
67,Dominika,Dudek,2014-07-29,woman,Gdynia Kielecka 63 a/6,edudek@gmail.com,3
68,Adam,Kowalewski,2014-08-16,man,Gdynia Starowiejska 46 a/2,fkowalewski@gmail.com,3
69,Wojciech,Borkowski,2014-09-20,man,Gdynia Wzgorze Nawiedzenia 92 a/5,iborkowski@gmail.com,3
70,Mikolaj,Stepinski,2014-10-07,man,Gdynia Wiejska 62 b/4,estepinski@gmail.com,3
71,Rafal,Baranowski,2014-11-26,man,Gdynia Marynarki Polskiej 23 85 b/7,ibaranowski@gmail.com,3
72,Jakub,Sobolewski,2014-12-17,man,Gdynia Powstania Styczniowego 46 a/10,wsobolewski@gmail.com,3
73,Grzegorz,Zajac,2014-01-11,man,Gdynia Hutnicza 40 a/8,azajac@gmail.com,3
74,Paulina,Pietrzak,2014-02-07,woman,Gdynia Pucka 15 b/4,gpietrzak@gmail.com,3
75,Ignacy,Majewski,2014-03-27,man,Gdynia Swietojanska 53 c/7,umajewski@gmail.com,3
76,Blanka,Sobolewski,2014-04-14,woman,Gdynia Wzgorze Sw. Maksymiliana 77 c/1,bsobolewski@gmail.com,3
77,Jan,Szymanski,2014-05-17,man,Gdynia Akademicka 28 b/2,hszymanski@gmail.com,3
78,Stanislaw,Brzezinski,2014-06-29,man,Gdynia Kosciuszki 57 c/1,fbrzezinski@gmail.com,3
79,Dominik,Jablonski,2014-07-13,man,Gdynia Komuny Paryskiej 79 c/8,ujablonski@gmail.com,3
80,Arkadiusz,Zajac,2014-08-23,man,Gdynia Derdowskiego 50 b/8,jzajac@gmail.com,3
81,Zofia,Maj,2014-09-11,woman,Gdynia 3 Maja 37 a/5,bmaj@gmail.com,3
82,Wojciech,Zakrzewski,2014-10-09,man,Gdynia Slowackiego 31 a/8,kzakrzewski@gmail.com,3
83,Igor,Wieczorek,2014-11-02,man,Gdynia Wiejska 10 c/4,uwieczorek@gmail.com,3
84,Szymon,Dudi,2014-12-28,man,Gdynia Starowiejska 58 b/10,adudi@gmail.com,3
85,Aleksander,Wasilewski,2014-01-18,man,Gdynia Wiejska 39 a/1,jwasilewski@gmail.com,3
86,Franciszek,Wasilewski,2014-02-03,man,Gdynia Paderewskiego 89 b/4,nwasilewski@gmail.com,3
87,Lena,Pietrzak,2014-03-26,woman,Gdynia Swietokrzyska 62 a/10,cpietrzak@gmail.com,3
88,Bartosz,Krawczyk,2014-04-11,man,Gdynia Chwarznienska 89 a/8,tkrawczyk@gmail.com,3
89,Julia,Wieczorek,2014-05-29,woman,Gdynia Kaszubska 49 28 c/2,pwieczorek@gmail.com,3
90,Anna,Szymanska,2014-06-15,woman,Gdynia Armii Krajowej 99 b/1,dszymanska@gmail.com,3
91,Maciej,Zajac,2015-01-05,man,Gdynia Wzgorze Nawiedzenia 5 c/3,izajac@gmail.com,4
92,Daria,Baran,2015-02-15,woman,Gdynia Derdowskiego 34 b/3,rbaran@gmail.com,4
93,Zuzanna,Sobolewska,2015-03-20,woman,Gdynia Wzgorze Sw. Maksymiliana 53 c/3,gsobolewska@gmail.com,4
94,Damian,Wieczorek,2015-04-07,man,Gdynia Abrahama 87 b/7,pwieczorek@gmail.com,4
95,Martyna,Tomaszewska,2015-05-11,woman,Gdynia Wzgorze Nawiedzenia 37 c/10,ntomaszewska@gmail.com,4
96,Kamil,Zielinski,2015-06-23,man,Gdynia Pucka 65 c/1,jzielinski@gmail.com,4
97,Laura,Stepinska,2015-07-09,woman,Gdynia Wiczlina 91 b/4,ustepinska@gmail.com,4
98,Sebastian,Gajewski,2015-08-29,man,Gdynia Komuny Paryskiej 90 b/1,jgajewski@gmail.com,4
99,Maja,Kubiak,2015-09-16,woman,Gdynia Starowiejska 36 a/8,fkubiak@gmail.com,4
100,Jan,Dudi,2015-10-18,man,Gdynia Komuny Paryskiej 92 a/4,edudi@gmail.com,4
101,Kornelia,Wozniak,2015-11-01,woman,Gdynia Swietojanska 45 c/4,uwozniak@gmail.com,4
102,Natalia,Brzezinska,2015-12-24,woman,Gdynia Derdowskiego 23 a/7,wbrzezinska@gmail.com,4
103,Bartosz,Lewandowski,2015-01-08,man,Gdynia Morska 1 a/7,blewandowski@gmail.com,4
104,Aleksandra,Lis,2015-02-26,woman,Gdynia Paderewskiego 98 c/2,ilis@gmail.com,4
105,Filip,Dabrowski,2015-03-07,man,Gdynia Kosciuszki 45 b/6,wdabrowski@gmail.com,4
106,Igor,Szymanski,2015-04-28,man,Gdynia Abrahama 38 b/1,iszymanski@gmail.com,4
107,Krzysztof,Borkowski,2015-05-15,man,Gdynia Slowackiego 3 c/8,oborkowski@gmail.com,4
108,Dawid,Mazur,2015-06-03,man,Gdynia Polska 81 b/1,cmazur@gmail.com,4
109,Paulina,Lewandowska,2015-07-12,woman,Gdynia Kaszubska 49 37 c/8,rlewandowska@gmail.com,4
110,Dariusz,Maj,2015-08-14,man,Gdynia Chopina 66 37 a/1,kmaj@gmail.com,4
111,Damian,Zakrzewski,2015-09-23,man,Gdynia Swietojanska 38 c/5,wzakrzewski@gmail.com,4
112,Stanislaw,Kurek,2015-10-05,man,Gdynia Armii Krajowej 56 a/7,ikurek@gmail.com,4
113,Szymon,Wojciechowski,2015-11-11,man,Gdynia Slowackiego 94 a/10,cwojciechowski@gmail.com,4
114,Natalia,Mazur,2015-12-27,woman,Gdynia Chwarznienska 70 a/2,zmazur@gmail.com,4
115,Kinga,Sawicki,2015-01-18,woman,Gdynia Pucka 68 b/1,asawicki@gmail.com,4
116,Stanislaw,Olszewski,2015-02-03,man,Gdynia Wiejska 29 b/1,rolszewski@gmail.com,4
117,Stanislaw,Lis,2015-03-26,man,Gdynia Sobotki 12 c/7,rlis@gmail.com,4
118,Martyna,Klimek,2015-04-11,woman,Gdynia Armii Krajowej 44 c/7,iklimek@gmail.com,4
119,Igor,Nowak,2015-05-26,man,Gdynia Sobotki 11 b/4,unowak@gmail.com,4
120,Blazej,Wrobel,2015-06-17,man,Gdynia Slowackiego 33 b/2,rwrobel@gmail.com,4
121,Oliwia,Szewczyk,2015-07-02,woman,Gdynia Polska 13 b/8,bszewczyk@gmail.com,5
122,Klaudia,Szewczyk,2015-08-09,woman,Gdynia Kaszubska 49 26 b/4,tszewczyk@gmail.com,5
123,Igor,Wozniak,2015-09-20,man,Gdynia Paderewskiego 2 b/5,gwozniak@gmail.com,5
124,Agata,Walczak,2015-10-13,woman,Gdynia Derdowskiego 79 c/6,swalczak@gmail.com,5
125,Krzysztof,Sikori,2015-11-22,man,Gdynia Derdowskiego 49 b/6,gsikori@gmail.com,5
126,Alicja,Pietrzak,2015-12-06,woman,Gdynia Starowiejska 54 b/7,kpietrzak@gmail.com,5
127,Dariusz,Pawlowicz,2015-01-14,man,Gdynia Wzgorze Nawiedzenia 41 a/7,apawlowicz@gmail.com,5
128,Franciszek,Jaworski,2015-02-19,man,Gdynia Abrahama 4 c/5,wjaworski@gmail.com,5
129,Blazej,Kowalik,2015-03-09,man,Gdynia Wzgorze Sw. Maksymiliana 1 a/9,ckowalik@gmail.com,5
130,Jakub,Nowak,2015-04-02,man,Gdynia Pucka 62 a/7,gnowak@gmail.com,5
131,Oliwia,Malinowska,2015-05-30,woman,Gdynia Swietojanska 40 c/3,imalinowska@gmail.com,5
132,Karol,Kaczmarek,2015-06-08,man,Gdynia Polska 16 b/3,mkaczmarek@gmail.com,5
133,Karol,Michalak,2015-07-17,man,Gdynia Abrahama 61 a/4,mmichalak@gmail.com,5
134,Filip,Wieczorek,2015-08-20,man,Gdynia Marynarki Polskiej 23 83 a/3,rwieczorek@gmail.com,5
135,Nikola,Zajac,2015-09-05,woman,Gdynia Starowiejska 8 b/9,gzajac@gmail.com,5
136,Bartosz,Wasilewski,2015-10-22,man,Gdynia 3 Maja 18 a/8,pwasilewski@gmail.com,5
137,Bartosz,Kubiak,2015-11-05,man,Gdynia Polska 22 a/10,ekubiak@gmail.com,5
138,Wiktor,Kwiatkowski,2015-12-16,man,Gdynia Marynarki Polskiej 23 52 a/6,bkwiatkowski@gmail.com,5
139,Robert,Laskowski,2015-01-28,man,Gdynia Derdowskiego 58 a/7,mlaskowski@gmail.com,5
140,Norbert,Klimek,2015-02-08,man,Gdynia Wzgorze Sw. Maksymiliana 91 a/8,sklimek@gmail.com,5
141,Mateusz,Makowski,2015-03-23,man,Gdynia Slowackiego 8 a/10,pmakowski@gmail.com,5
142,Tomasz,Marciniak,2015-04-17,man,Gdynia Akademicka 66 c/4,hmarciniak@gmail.com,5
143,Maja,Pietrzak,2015-05-10,woman,Gdynia Chopina 66 33 c/8,npietrzak@gmail.com,5
144,Natalia,Baran,2015-06-27,woman,Gdynia Polska 97 c/8,wbaran@gmail.com,5
145,Robert,Glowacki,2015-07-06,man,Gdynia Wiczlina 28 c/10,rglowacki@gmail.com,5
146,Marcel,Wasilewski,2015-08-01,man,Gdynia Komuny Paryskiej 43 a/6,mwasilewski@gmail.com,5
147,Damian,Kwiatkowski,2015-09-08,man,Gdynia Slowackiego 7 a/2,hkwiatkowski@gmail.com,5
148,Dorota,Wieczorek,2015-10-25,woman,Gdynia Pucka 79 a/8,rwieczorek@gmail.com,5
149,Marcel,Mazur,2015-11-17,man,Gdynia Komuny Paryskiej 1 b/4,tmazur@gmail.com,5
150,Rafal,Szewczyk,2015-12-30,man,Gdynia Sobotki 47 b/1,mszewczyk@gmail.com,5
151,Wojciech,Marciniak,2015-01-12,man,Gdynia Kaszubska 49 48 b/9,smarciniak@gmail.com,6
152,Maja,Marciniak,2015-02-13,woman,Gdynia Morska 10 b/5,imarciniak@gmail.com,6
153,Antonina,Wasilewski,2015-03-17,woman,Gdynia Hutnicza 49 b/6,cwasilewski@gmail.com,6
154,Dawid,Krol,2015-04-23,man,Gdynia Swietokrzyska 30 a/5,fkrol@gmail.com,6
155,Dominik,Krawczyk,2015-05-04,man,Gdynia Wzgorze Nawiedzenia 70 c/4,skrawczyk@gmail.com,6
156,Wiktor,Wieczorek,2015-06-13,man,Gdynia Chopina 66 7 b/1,pwieczorek@gmail.com,6
157,Maciej,Kaczor,2015-07-29,man,Gdynia Slowackiego 62 c/2,skaczor@gmail.com,6
158,Krzysztof,Makowski,2015-08-12,man,Gdynia Armii Krajowej 69 b/7,smakowski@gmail.com,6
159,Weronika,Marciniak,2015-09-03,woman,Gdynia Starowiejska 33 c/10,zmarciniak@gmail.com,6
160,Dawid,Sadowski,2015-10-29,man,Gdynia Chwarznienska 66 c/5,esadowski@gmail.com,6
161,Hubert,Wasilewski,2015-11-14,man,Gdynia Slowackiego 38 c/8,ewasilewski@gmail.com,6
162,Wiktor,Zawadzki,2015-12-10,man,Gdynia Hutnicza 93 b/5,lzawadzki@gmail.com,6
163,Blanka,Ziolkowska,2015-01-26,woman,Gdynia Paderewskiego 88 b/6,fziolkowska@gmail.com,6
164,Kamil,Dabrowski,2015-02-22,man,Gdynia Kaszubska 49 57 c/9,fdabrowski@gmail.com,6
165,Franciszek,Makowski,2015-03-03,man,Gdynia Chwarznienska 28 c/7,amakowski@gmail.com,6
166,Wiktor,Mazur,2015-04-05,man,Gdynia Derdowskiego 25 a/9,zmazur@gmail.com,6
167,Kamil,Witkowski,2015-05-29,man,Gdynia Swietojanska 68 a/4,twitkowski@gmail.com,6
168,Grzegorz,Olszewski,2015-06-02,man,Gdynia Legionow 33 b/8,kolszewski@gmail.com,6
169,Martyna,Majewska,2015-07-22,woman,Gdynia Swietokrzyska 88 a/2,dmajewska@gmail.com,6
170,Mateusz,Krol,2015-08-05,man,Gdynia Morska 89 c/8,nkrol@gmail.com,6
171,Krzysztof,Kubiak,2015-09-18,man,Gdynia Marynarki Polskiej 23 62 a/2,jkubiak@gmail.com,6
172,Weronika,Mazur,2015-10-07,woman,Gdynia Sobotki 81 a/10,emazur@gmail.com,6
173,Karol,Kowalczyk,2015-11-26,man,Gdynia Armii Krajowej 66 c/5,gkowalczyk@gmail.com,6
174,Michal,Przybylski,2015-12-20,man,Gdynia Jana z Kolna 31 c/7,sprzybylski@gmail.com,6
175,Jakub,Wojciechowski,2015-01-21,man,Gdynia Polska 83 b/2,bwojciechowski@gmail.com,6
176,Agata,Glowacka,2015-02-07,woman,Gdynia Chwarznienska 4 c/3,iglowacka@gmail.com,6
177,Dariusz,Mazur,2015-03-30,man,Gdynia Armii Krajowej 30 c/9,jmazur@gmail.com,6
178,Barbara,Czarnecka,2015-04-14,woman,Gdynia Morska 42 b/5,aczarnecka@gmail.com,6
179,Patrycja,Mroz,2015-05-19,woman,Gdynia Akademicka 45 b/1,bmroz@gmail.com,6
180,Mateusz,Sikori,2015-06-29,man,Gdynia Swietokrzyska 3 a/6,asikori@gmail.com,6
181,Kamila,Michalska,2016-07-15,woman,Gdynia Kosciuszki 75 c/5,tmichalska@gmail.com,7
182,Martyna,Sawicki,2016-08-25,woman,Gdynia Jana z Kolna 40 c/5,fsawicki@gmail.com,7
183,Daria,Olszewska,2016-09-11,woman,Gdynia Kaszubska 49 19 b/1,golszewska@gmail.com,7
184,Nikola,Majewska,2016-10-09,woman,Gdynia Legionow 75 a/4,hmajewska@gmail.com,7
185,Mikolaj,Tomaszewski,2016-11-02,man,Gdynia Legionow 24 b/2,itomaszewski@gmail.com,7
186,Sebastian,Nowak,2016-12-28,man,Gdynia Komuny Paryskiej 85 c/3,rnowak@gmail.com,7
187,Dorota,Piotrowski,2016-01-07,woman,Gdynia Jana z Kolna 85 c/10,lpiotrowski@gmail.com,7
188,Monika,Wojcik,2016-02-15,woman,Gdynia Derdowskiego 66 c/2,rwojcik@gmail.com,7
189,Arkadiusz,Krawczyk,2016-03-25,man,Gdynia Hutnicza 13 a/3,zkrawczyk@gmail.com,7
190,Robert,Dabrowski,2016-04-06,man,Gdynia Chopina 66 4 a/7,ddabrowski@gmail.com,7
191,Grzegorz,Majewski,2016-05-10,man,Gdynia Slowackiego 45 b/3,hmajewski@gmail.com,7
192,Antonina,Nowakowska,2016-06-28,woman,Gdynia Slowackiego 92 b/1,fnowakowska@gmail.com,7
193,Magdalena,Sobolewski,2016-07-15,woman,Gdynia Chwarznienska 3 a/8,gsobolewski@gmail.com,7
194,Bartosz,Baranowski,2016-08-24,man,Gdynia Morska 94 b/10,mbaranowski@gmail.com,7
195,Szymon,Kwiatkowski,2016-09-11,man,Gdynia Powstania Styczniowego 68 c/10,wkwiatkowski@gmail.com,7
196,Kinga,Wojciechowska,2016-10-18,woman,Gdynia Chopina 66 38 c/10,jwojciechowska@gmail.com,7
197,Dorota,Klimek,2016-11-01,woman,Gdynia 3 Maja 24 a/9,uklimek@gmail.com,7
198,Jakub,Kowalski,2016-12-22,man,Gdynia Pucka 63 b/3,rkowalski@gmail.com,7
199,Filip,Glowacki,2016-01-18,man,Gdynia Wladyslawa IV 90 b/1,sglowacki@gmail.com,7
200,Laura,Wasilewska,2016-02-03,woman,Gdynia 3 Maja 77 c/4,twasilewska@gmail.com,7
201,Daria,Mazurek,2016-03-26,woman,Gdynia Abrahama 53 a/4,imazurek@gmail.com,7
202,Marcel,Wrobel,2016-04-11,man,Gdynia Marynarki Polskiej 23 61 a/2,lwrobel@gmail.com,7
203,Antoni,Brzezinski,2016-05-29,man,Gdynia Polska 43 a/2,tbrzezinski@gmail.com,7
204,Karolina,Bednarczyk,2016-06-15,woman,Gdynia Kosciuszki 56 b/10,obednarczyk@gmail.com,7
205,Dominik,Laskowski,2016-07-20,man,Gdynia Derdowskiego 94 c/3,ilaskowski@gmail.com,7
206,Magdalena,Sawicki,2016-08-12,woman,Gdynia Komuny Paryskiej 98 a/6,ksawicki@gmail.com,7
207,Amelia,Kaminska,2016-09-23,woman,Gdynia Swietokrzyska 37 a/2,ckaminska@gmail.com,7
208,Antoni,Mazur,2016-10-05,man,Gdynia Akademicka 77 a/4,fmazur@gmail.com,7
209,Kamil,Lewandowski,2016-11-11,man,Gdynia Sobotki 73 b/1,jlewandowski@gmail.com,7
210,Szymon,Pawlak,2016-12-27,man,Gdynia Swietokrzyska 24 b/3,upawlak@gmail.com,7
211,Barbara,Kowalewska,2016-01-28,woman,Gdynia 3 Maja 74 b/2,akowalewska@gmail.com,8
212,Karolina,Mazurek,2016-02-08,woman,Gdynia Slowackiego 18 a/3,gmazurek@gmail.com,8
213,Wojciech,Wojciechowski,2016-03-27,man,Gdynia Paderewskiego 84 b/1,gwojciechowski@gmail.com,8
214,Karol,Wozniak,2016-04-20,man,Gdynia Komuny Paryskiej 28 a/8,gwozniak@gmail.com,8
215,Oliwier,Lewandowski,2016-05-05,man,Gdynia 3 Maja 79 b/3,ulewandowski@gmail.com,8
216,Igor,Kubiak,2016-06-20,man,Gdynia Abrahama 17 c/1,dkubiak@gmail.com,8
217,Nikola,Wieczorek,2016-07-02,woman,Gdynia Wzgorze Nawiedzenia 87 a/6,fwieczorek@gmail.com,8
218,Julia,Mazur,2016-08-19,woman,Gdynia Powstania Styczniowego 88 a/5,imazur@gmail.com,8
219,Weronika,Makowska,2016-09-26,woman,Gdynia Abrahama 84 a/3,jmakowska@gmail.com,8
220,Tomasz,Stepinski,2016-10-13,man,Gdynia Marynarki Polskiej 23 76 c/1,zstepinski@gmail.com,8
221,Stanislaw,Kubiak,2016-11-22,man,Gdynia Komuny Paryskiej 34 c/7,fkubiak@gmail.com,8
222,Blazej,Wisniewski,2016-12-06,man,Gdynia Swietokrzyska 77 b/3,cwisniewski@gmail.com,8
223,Michal,Pietrzak,2016-01-14,man,Gdynia Kosciuszki 56 c/10,rpietrzak@gmail.com,8
224,Tomasz,Wisniewski,2016-02-21,man,Gdynia 3 Maja 60 c/3,mwisniewski@gmail.com,8
225,Mikolaj,Wojciechowski,2016-03-09,man,Gdynia Wiczlina 3 b/1,owojciechowski@gmail.com,8
226,Dominik,Sikori,2016-04-02,man,Gdynia Pucka 12 b/1,gsikori@gmail.com,8
227,Michal,Czarnecki,2016-05-28,man,Gdynia Akademicka 60 a/3,pczarnecki@gmail.com,8
228,Jakub,Sikori,2016-06-08,man,Gdynia Marynarki Polskiej 23 29 a/2,ksikori@gmail.com,8
229,Blanka,Michalak,2016-07-17,woman,Gdynia Hutnicza 44 b/9,hmichalak@gmail.com,8
230,Monika,Gajewska,2016-08-21,woman,Gdynia Derdowskiego 23 b/7,ogajewska@gmail.com,8
231,Franciszek,Szymanski,2016-09-02,man,Gdynia Paderewskiego 11 c/10,hszymanski@gmail.com,8
232,Dawid,Szewczyk,2016-10-27,man,Gdynia Sobotki 86 a/4,lszewczyk@gmail.com,8
233,Ksawery,Ziolkowski,2016-11-05,man,Gdynia Armii Krajowej 67 b/1,zziolkowski@gmail.com,8
234,Kornel,Baran,2016-12-18,man,Gdynia Armii Krajowej 82 b/10,cbaran@gmail.com,8
235,Zuzanna,Sadowska,2016-01-23,woman,Gdynia Wiejska 77 a/4,wsadowska@gmail.com,8
236,Jan,Kaczmarek,2016-02-18,man,Gdynia Abrahama 45 b/3,zkaczmarek@gmail.com,8
237,Patryk,Piotrowski,2016-03-02,man,Gdynia Jana z Kolna 97 a/1,apiotrowski@gmail.com,8
238,Weronika,Gorska,2016-04-24,woman,Gdynia Polska 26 a/3,jgorska@gmail.com,8
239,Weronika,Pietrzak,2016-05-15,woman,Gdynia Hutnicza 56 a/4,opietrzak@gmail.com,8
240,Filip,Ostrowski,2016-06-25,man,Gdynia Powstania Styczniowego 64 c/7,gostrowski@gmail.com,8
241,Dariusz,Kaczmarczyk,2016-07-05,man,Gdynia Wiczlina 22 c/3,bkaczmarczyk@gmail.com,9
242,Zuzanna,Kowalczyk,2016-08-03,woman,Gdynia Polska 41 c/10,hkowalczyk@gmail.com,9
243,Julia,Wrobel,2016-09-07,woman,Gdynia Wiczlina 26 b/1,awrobel@gmail.com,9
244,Piotr,Zielinski,2016-10-29,man,Gdynia Kaszubska 49 52 b/4,ozielinski@gmail.com,9
245,Filip,Sadowski,2016-11-14,man,Gdynia Swietokrzyska 59 a/10,esadowski@gmail.com,9
246,Paulina,Baran,2016-12-12,woman,Gdynia Komuny Paryskiej 93 c/9,pbaran@gmail.com,9
247,Marcel,Jablonski,2016-01-26,man,Gdynia Hutnicza 30 a/10,kjablonski@gmail.com,9
248,Magdalena,Piotrowska,2016-02-22,woman,Gdynia Akademicka 10 b/8,lpiotrowska@gmail.com,9
249,Kacper,Ziolkowski,2016-03-05,man,Gdynia Kielecka 29 c/6,uziolkowski@gmail.com,9
250,Daria,Wieczorek,2016-04-15,woman,Gdynia Swietojanska 48 b/3,rwieczorek@gmail.com,9
251,Maria,Marciniak,2016-05-19,woman,Gdynia Jana z Kolna 31 a/1,gmarciniak@gmail.com,9
252,Blanka,Krawczyk,2016-06-22,woman,Gdynia Polska 13 a/1,skrawczyk@gmail.com,9
253,Rafal,Lis,2016-07-29,man,Gdynia Wladyslawa IV 83 a/3,slis@gmail.com,9
254,Kornelia,Mroz,2016-08-16,woman,Gdynia Derdowskiego 6 c/6,lmroz@gmail.com,9
255,Monika,Lis,2016-09-20,woman,Gdynia Chopina 66 68 b/3,ilis@gmail.com,9
256,Ksawery,Gajewski,2016-10-07,man,Gdynia Abrahama 46 a/6,jgajewski@gmail.com,9
257,Julia,Wasilewski,2016-11-26,woman,Gdynia Kosciuszki 11 a/6,wwasilewski@gmail.com,9
258,Marcel,Brzezinski,2016-12-17,man,Gdynia Armii Krajowej 42 b/7,tbrzezinski@gmail.com,9
259,Maciej,Laskowski,2016-01-11,man,Gdynia Marynarki Polskiej 23 56 c/5,llaskowski@gmail.com,9
260,Szymon,Borkowski,2016-02-07,man,Gdynia Chopina 66 46 b/5,sborkowski@gmail.com,9
261,Piotr,Majewski,2016-03-27,man,Gdynia Marynarki Polskiej 23 22 c/2,kmajewski@gmail.com,9
262,Mateusz,Zielinski,2016-04-14,man,Gdynia Kosciuszki 83 a/8,kzielinski@gmail.com,9
263,Blazej,Mazur,2016-05-17,man,Gdynia Akademicka 90 b/5,bmazur@gmail.com,9
264,Michal,Nowakowski,2016-06-29,man,Gdynia Kielecka 85 a/8,tnowakowski@gmail.com,9
265,Blazej,Kwiatkowski,2016-07-13,man,Gdynia Wzgorze Sw. Maksymiliana 7 b/5,pkwiatkowski@gmail.com,9
266,Kornelia,Krajewska,2016-08-23,woman,Gdynia Marynarki Polskiej 23 56 c/9,rkrajewska@gmail.com,9
267,Maja,Wojciechowska,2016-09-11,woman,Gdynia Kaszubska 49 16 c/4,awojciechowska@gmail.com,9
268,Hanna,Baran,2016-10-09,woman,Gdynia Wzgorze Nawiedzenia 53 a/6,pbaran@gmail.com,9
269,Zuzanna,Kowalczyk,2016-11-02,woman,Gdynia Swietokrzyska 10 a/4,kkowalczyk@gmail.com,9
270,Kinga,Wasilewski,2016-12-28,woman,Gdynia Kaszubska 49 49 a/4,mwasilewski@gmail.com,9
271,Jakub,Mazurek,2017-01-05,man,Gdynia Pucka 87 b/2,mmazurek@gmail.com,10
272,Szymon,Zajac,2017-02-15,man,Gdynia Wiczlina 78 b/1,zzajac@gmail.com,10
273,Nikola,Duda,2017-03-20,woman,Gdynia Paderewskiego 15 b/7,pduda@gmail.com,10
274,Oliwier,Mazur,2017-04-07,man,Gdynia Chwarznienska 12 b/2,bmazur@gmail.com,10
275,Mateusz,Szymanski,2017-05-11,man,Gdynia Swietokrzyska 56 c/3,lszymanski@gmail.com,10
276,Rafal,Glowacki,2017-06-23,man,Gdynia Marynarki Polskiej 23 53 b/3,nglowacki@gmail.com,10
277,Antonina,Mazurek,2017-07-09,woman,Gdynia Wzgorze Sw. Maksymiliana 84 a/9,emazurek@gmail.com,10
278,Zofia,Dudek,2017-08-29,woman,Gdynia Marynarki Polskiej 23 94 a/6,zdudek@gmail.com,10
279,Kamil,Wieczorek,2017-09-16,man,Gdynia Armii Krajowej 85 a/6,wwieczorek@gmail.com,10
280,Gabriela,Laskowska,2017-10-18,woman,Gdynia Paderewskiego 86 c/9,olaskowska@gmail.com,10
281,Patryk,Gorski,2017-11-01,man,Gdynia Morska 43 b/10,ogorski@gmail.com,10
282,Ignacy,Piotrowski,2017-12-24,man,Gdynia Swietokrzyska 32 c/5,npiotrowski@gmail.com,10
283,Michal,Urbaniak,2017-01-08,man,Gdynia Jana z Kolna 50 a/8,gurbaniak@gmail.com,10
284,Agata,Marciniak,2017-02-26,woman,Gdynia Paderewskiego 39 a/10,bmarciniak@gmail.com,10
285,Dominika,Wrobel,2017-03-07,woman,Gdynia Akademicka 33 a/3,hwrobel@gmail.com,10
286,Piotr,Wojciechowski,2017-04-28,man,Gdynia Sobotki 34 b/3,ewojciechowski@gmail.com,10
287,Karol,Stepinski,2017-05-15,man,Gdynia Pucka 54 a/3,gstepinski@gmail.com,10
288,Marcel,Gajewski,2017-06-03,man,Gdynia Kielecka 71 c/3,rgajewski@gmail.com,10
289,Krzysztof,Dabrowski,2017-07-12,man,Gdynia 3 Maja 30 b/7,edabrowski@gmail.com,10
290,Wojciech,Kowalczyk,2017-08-14,man,Gdynia Komuny Paryskiej 77 a/1,dkowalczyk@gmail.com,10
291,Magdalena,Zajac,2017-09-23,woman,Gdynia Slowackiego 88 b/2,bzajac@gmail.com,10
292,Grzegorz,Przybylski,2017-10-05,man,Gdynia Derdowskiego 62 b/2,uprzybylski@gmail.com,10
293,Hubert,Walczak,2017-11-11,man,Gdynia Polska 32 c/9,pwalczak@gmail.com,10
294,Dominik,Wasilewski,2017-12-27,man,Gdynia Jana z Kolna 89 a/7,fwasilewski@gmail.com,10
295,Nikola,Krawczyk,2017-01-18,woman,Gdynia Powstania Styczniowego 17 b/2,ckrawczyk@gmail.com,10
296,Magdalena,Lis,2017-02-03,woman,Gdynia Marynarki Polskiej 23 75 a/8,hlis@gmail.com,10
297,Maja,Walczak,2017-03-26,woman,Gdynia Slowackiego 16 a/9,pwalczak@gmail.com,10
298,Franciszek,Kubiak,2017-04-11,man,Gdynia Morska 59 a/7,akubiak@gmail.com,10
299,Dorota,Sobolewski,2017-05-26,woman,Gdynia Starowiejska 43 b/3,hsobolewski@gmail.com,10
300,Oliwier,Kurek,2017-06-17,man,Gdynia Paderewskiego 61 a/2,bkurek@gmail.com,10
301,Alicja,Klimek,2017-07-02,woman,Gdynia Hutnicza 69 a/6,pklimek@gmail.com,11
302,Magdalena,Stepinska,2017-08-09,woman,Gdynia Hutnicza 24 b/8,rstepinska@gmail.com,11
303,Piotr,Dabrowski,2017-09-20,man,Gdynia Kielecka 20 a/6,rdabrowski@gmail.com,11
304,Klaudia,Mazur,2017-10-13,woman,Gdynia Armii Krajowej 67 c/6,rmazur@gmail.com,11
305,Monika,Sobolewski,2017-11-22,woman,Gdynia Polska 35 b/3,bsobolewski@gmail.com,11
306,Blazej,Kowalewski,2017-12-06,man,Gdynia Abrahama 81 a/6,jkowalewski@gmail.com,11
307,Kornelia,Zajac,2017-01-14,woman,Gdynia Swietojanska 91 c/9,tzajac@gmail.com,11
308,Krzysztof,Czarnecki,2017-02-19,man,Gdynia Komuny Paryskiej 96 b/2,zczarnecki@gmail.com,11
309,Tymoteusz,Borkowski,2017-03-09,man,Gdynia Wzgorze Nawiedzenia 25 a/3,wborkowski@gmail.com,11
310,Magdalena,Wrobel,2017-04-02,woman,Gdynia Kaszubska 49 65 a/6,owrobel@gmail.com,11
311,Arkadiusz,Wlodarczyk,2017-05-30,man,Gdynia Abrahama 43 c/7,swlodarczyk@gmail.com,11
312,Arkadiusz,Sobolewski,2017-06-08,man,Gdynia Wladyslawa IV 15 b/8,osobolewski@gmail.com,11
313,Kornel,Zawadzki,2017-07-17,man,Gdynia Legionow 5 b/8,czawadzki@gmail.com,11
314,Zofia,Witkowska,2017-08-20,woman,Gdynia Legionow 32 b/4,ewitkowska@gmail.com,11
315,Arkadiusz,Gorski,2017-09-05,man,Gdynia Armii Krajowej 69 c/10,fgorski@gmail.com,11
316,Justyna,Michalak,2017-10-22,woman,Gdynia Wzgorze Nawiedzenia 59 b/3,amichalak@gmail.com,11
317,Jakub,Mroz,2017-11-05,man,Gdynia Chwarznienska 61 a/8,fmroz@gmail.com,11
318,Maja,Baranowska,2017-12-16,woman,Gdynia Polska 89 a/7,sbaranowska@gmail.com,11
319,Patrycja,Mazur,2017-01-28,woman,Gdynia Akademicka 3 a/2,smazur@gmail.com,11
320,Justyna,Krawczyk,2017-02-08,woman,Gdynia Swietokrzyska 94 c/9,skrawczyk@gmail.com,11
321,Adam,Sawicki,2017-03-23,man,Gdynia Swietojanska 92 b/5,zsawicki@gmail.com,11
322,Barbara,Piotrowski,2017-04-17,woman,Gdynia Swietokrzyska 45 b/9,dpiotrowski@gmail.com,11
323,Tomasz,Gorski,2017-05-10,man,Gdynia Morska 14 b/2,jgorski@gmail.com,11
324,Weronika,Olszewska,2017-06-27,woman,Gdynia Morska 96 c/9,solszewska@gmail.com,11
325,Ksawery,Wojciechowski,2017-07-06,man,Gdynia Chopina 66 99 b/8,kwojciechowski@gmail.com,11
326,Norbert,Kaminski,2017-08-01,man,Gdynia 3 Maja 49 c/3,okaminski@gmail.com,11
327,Magdalena,Michalak,2017-09-08,woman,Gdynia 3 Maja 61 a/3,mmichalak@gmail.com,11
328,Sara,Lis,2017-10-25,woman,Gdynia Wiejska 29 b/2,mlis@gmail.com,11
329,Dariusz,Leszczynski,2017-11-17,man,Gdynia Wladyslawa IV 62 a/10,nleszczynski@gmail.com,11
330,Ksawery,Wojcik,2017-12-30,man,Gdynia Sobotki 41 c/8,fwojcik@gmail.com,11
331,Paulina,Pietrzak,2017-01-12,woman,Gdynia Kaszubska 49 93 b/10,opietrzak@gmail.com,12
332,Monika,Grabowska,2017-02-13,woman,Gdynia Chopina 66 28 b/1,ograbowska@gmail.com,12
333,Paulina,Mroz,2017-03-17,woman,Gdynia Kaszubska 49 56 a/4,rmroz@gmail.com,12
334,Lena,Glowacka,2017-04-23,woman,Gdynia Chwarznienska 74 c/2,oglowacka@gmail.com,12
335,Blanka,Czarnecka,2017-05-04,woman,Gdynia Pucka 99 b/8,tczarnecka@gmail.com,12
336,Zofia,Majewska,2017-06-13,woman,Gdynia Wiejska 42 c/2,smajewska@gmail.com,12
337,Daria,Szewczyk,2017-07-29,woman,Gdynia Starowiejska 27 c/10,dszewczyk@gmail.com,12
338,Mikolaj,Zielinski,2017-08-12,man,Gdynia Armii Krajowej 16 a/4,ozielinski@gmail.com,12
339,Dominik,Kozlowski,2017-09-03,man,Gdynia Powstania Styczniowego 88 c/7,jkozlowski@gmail.com,12
340,Dorota,Bednarczyk,2017-10-29,woman,Gdynia Paderewskiego 82 b/10,ubednarczyk@gmail.com,12
341,Hubert,Krajewski,2017-11-14,man,Gdynia Wladyslawa IV 39 a/10,jkrajewski@gmail.com,12
342,Dorota,Makowska,2017-12-10,woman,Gdynia Starowiejska 94 b/8,bmakowska@gmail.com,12
343,Filip,Szewczyk,2017-01-26,man,Gdynia Kosciuszki 61 b/7,rszewczyk@gmail.com,12
344,Dawid,Sikori,2017-02-22,man,Gdynia Chopina 66 43 a/6,esikori@gmail.com,12
345,Karolina,Jankowska,2017-03-03,woman,Gdynia Hutnicza 43 b/5,ijankowska@gmail.com,12
346,Hanna,Wrobel,2017-04-05,woman,Gdynia Armii Krajowej 80 c/2,mwrobel@gmail.com,12
347,Bartosz,Dudi,2017-05-29,man,Gdynia Marynarki Polskiej 23 42 c/8,gdudi@gmail.com,12
348,Aleksandra,Sadowska,2017-06-02,woman,Gdynia Powstania Styczniowego 2 c/7,asadowska@gmail.com,12
349,Julia,Szewczyk,2017-07-22,woman,Gdynia Chopina 66 50 b/8,dszewczyk@gmail.com,12
350,Bartosz,Michalski,2017-08-05,man,Gdynia Jana z Kolna 48 b/10,pmichalski@gmail.com,12
351,Dawid,Zakrzewski,2017-09-18,man,Gdynia Morska 34 c/6,uzakrzewski@gmail.com,12
352,Maria,Stepinska,2017-10-07,woman,Gdynia Wiejska 55 c/6,cstepinska@gmail.com,12
353,Lena,Pawlak,2017-11-26,woman,Gdynia Akademicka 56 a/10,ipawlak@gmail.com,12
354,Blazej,Kaczmarek,2017-12-20,man,Gdynia Kielecka 97 c/10,bkaczmarek@gmail.com,12
355,Kamil,Baranowski,2017-01-21,man,Gdynia Legionow 51 b/5,rbaranowski@gmail.com,12
356,Julia,Dabrowska,2017-02-07,woman,Gdynia Polska 99 a/2,bdabrowska@gmail.com,12
357,Piotr,Piotrowski,2017-03-30,man,Gdynia Paderewskiego 50 a/6,npiotrowski@gmail.com,12
358,Paulina,Wozniak,2017-04-14,woman,Gdynia Polska 82 a/9,gwozniak@gmail.com,12
359,Szymon,Stepinski,2017-05-19,man,Gdynia Komuny Paryskiej 92 a/8,mstepinski@gmail.com,12
360,Sara,Dudek,2017-06-29,woman,Gdynia Chwarznienska 78 b/10,tdudek@gmail.com,12
